{
  "C1CC([NH2+]Cc2cncn2C2CC2)CCN1C(C)=O": [
    1,
    0.10533607751131058
  ],
  "c1(Cl)ccc(F)c(NC(=O)C(N[C@H](Cn2c[nH+]cc2)C)=O)c1": [
    1,
    0.10533607751131058
  ],
  "n1cccc(-c2cccc(C([O-])=O)c2)c1": [
    1,
    0.10533607751131058
  ],
  "N12CCC[C@@H]1C[C@H](C([O-])=O)C2": [
    1,
    0.17903010547161102
  ],
  "[O-]C(=O)[C@@H]1CN2[C@H](CCC2)C1": [
    1,
    0.17903010547161102
  ],
  "O=S(c1ccc(C([O-])=O)cc1)([N-]c1cccnc1C)=O": [
    1,
    0.10533607751131058
  ],
  "C1[C@H](C([O-])=O)CN2CCC[C@@H]12": [
    1,
    0.18204618990421295
  ],
  "c1c(N2CCOCC2)cc(C(=O)[O-])cc1": [
    1,
    0.11801961064338684
  ],
  "C1[C@@H]2N(CCC2)C[C@H]1c1ccccc1": [
    1,
    0.22823551297187805
  ],
  "c1(N2C[C@@H](C)OCC2)ccccc1C(=O)[O-]": [
    1,
    0.11869137734174728
  ],
  "c1([C@]2(C(=O)[O-])C[C@@H]3CCCN3C2)ccccc1": [
    1,
    0.17803514003753662
  ],
  "N1(c2cccc(C([O-])=O)c2)CCOCC1": [
    1,
    0.11801961064338684
  ],
  "O=C([O-])c1cccc(S(=O)(=O)[N-]c2cccnc2C)c1": [
    1,
    0.10533607751131058
  ],
  "c1(N2CCOCC2)cccc(C([O-])=O)c1": [
    1,
    0.11801961064338684
  ],
  "[O-]C(=O)c1ccc(S([N-]c2cccnc2C)(=O)=O)cc1": [
    1,
    0.10533607751131058
  ],
  "C1[C@H]2CCCN2C[C@H]1C([O-])=O": [
    1,
    0.17903010547161102
  ],
  "[C@@H]12C[C@@H](c3ccccc3)CN1CCC2": [
    1,
    0.3535882830619812
  ],
  "[C@@H]12CCCN1C[C@@H](C(=O)[O-])C2": [
    1,
    0.18204618990421295
  ],
  "[C@@H]12C[C@H](c3ccccc3)CN1CCC2": [
    3,
    0.22823551297187805
  ],
  "C1CCN2[C@@H]1C[C@H](C([O-])=O)[C@@H]2c1ccccc1": [
    1,
    0.1935139000415802
  ],
  "c1(Cn2c(C[NH2+]C)ccc2)cccnc1": [
    1,
    0.10533607751131058
  ],
  "[O-]C(=O)C1CN2CCC[C@H]2C1": [
    1,
    0.1683664470911026
  ],
  "[C@H]1([C@H](C([O-])=O)C)CN2[C@H](CCC2)C1": [
    1,
    0.341279536485672
  ],
  "N12CCC[C@@H]1C[C@@H](C(=O)[O-])C2": [
    1,
    0.5468295812606812
  ],
  "c1ccccc1[C@H]1C[C@@H]2N(C1)CCC2": [
    1,
    0.22823551297187805
  ],
  "C([C@@H]1CN2N(C1)C[C@H](O)C2)([O-])=O": [
    1,
    0.3847748339176178
  ],
  "c1ncccc1-c1cc(C([O-])=O)ccc1": [
    1,
    0.10533607751131058
  ],
  "C1N2C[C@H](c3sccc3)C[C@H]2CC1": [
    1,
    0.3981301486492157
  ],
  "[C@H]12N(CCC1)C[C@H](c1ccccc1)C2": [
    1,
    0.3343886435031891
  ],
  "C1[C@H](c2ccccc2)CN2CCC[C@H]12": [
    1,
    0.22823551297187805
  ],
  "c1ccc([C@H]2C[C@H]3N(CCC3)C2)cc1": [
    1,
    0.3465159833431244
  ],
  "[C@H]1(c2ccccc2)C[C@H]2CCCN2C1": [
    2,
    0.0
  ],
  "O=C([O-])[C@H]1CN2[C@H](C1)CCC2": [
    1,
    0.2184644639492035
  ],
  "[C@H]1(c2cccs2)CN2[C@H](CCC2)C1": [
    1,
    0.3981301486492157
  ],
  "N12C[C@@H](c3ccccc3)C[C@@H]1CCC2": [
    1,
    0.3465159833431244
  ],
  "c1([C@H]2C[C@H]3CCCN3C2)sccc1": [
    1,
    0.3923708498477936
  ],
  "[C@H]1(c2sccc2)CN2[C@H](CCC2)C1": [
    1,
    0.3981301486492157
  ],
  "C1[C@H](C([O-])=O)CN2[C@@H]1CCC2": [
    1,
    0.17903010547161102
  ],
  "C1[C@H](c2ccccc2)C[C@@H]2N1CCC2": [
    2,
    0.0
  ],
  "c1c([C@H]2CN3CCCC[C@@H]3C2)cccc1": [
    1,
    0.2952527403831482
  ],
  "C1CC[C@H]2C[C@@H](c3ccccc3)CN12": [
    1,
    0.3343886435031891
  ],
  "[C@@H]1(c2ccsc2)C[C@H]2CCCN2C1": [
    1,
    0.41177067160606384
  ],
  "c1ccc([C@@H]2CN3CCC[C@@H]3C2)s1": [
    1,
    0.3923708498477936
  ],
  "C1[C@@H]2CCCN2C[C@@H]1c1sc(Cl)cc1": [
    1,
    0.3625727593898773
  ],
  "c1cc([C@H]2CN3CCC[C@@H]3C2)ccc1": [
    1,
    0.3535882830619812
  ],
  "C1[C@@H](c2cscc2)C[C@H]2N1CCCC2": [
    1,
    0.4058905839920044
  ],
  "C1N2[C@H](CC1)C[C@@H](c1ccccc1)C2": [
    1,
    0.3535882830619812
  ],
  "c1csc([C@H]2CN3[C@H](CCC3)C2)c1": [
    2,
    0.0
  ],
  "[C@@H]1(c2ccccc2)CN2[C@H](CCC2)C1": [
    2,
    0.0
  ],
  "[C@@H]12N(C[C@@H](c3cccs3)C1)CCC2": [
    1,
    0.6307470798492432
  ],
  "c1ccccc1[C@@H]1CN2CCC[C@H]2C1": [
    2,
    0.3465159833431244
  ],
  "[C@H]1(c2ccsc2)C[C@@H]2N(CCC2)C1": [
    1,
    0.2613021433353424
  ],
  "c1([C@H]2CN3[C@@H](CCC3)C2)cccs1": [
    1,
    0.6197869777679443
  ],
  "[C@@H]1(c2ccccc2)C[C@@H]2CCCN2C1": [
    1,
    0.3343886435031891
  ],
  "c1c([C@@H]2C[C@H]3CCCN3C2)ccs1": [
    1,
    0.41177067160606384
  ],
  "c1([C@@H]2C[C@@H]3N(C2)CCC3)cccs1": [
    1,
    0.3981301486492157
  ],
  "[C@@H]1(c2cscc2)C[C@H]2N(CCC2)C1": [
    1,
    0.5866681337356567
  ],
  "C1CC[C@H]2C[C@H](c3ccccc3)CN12": [
    1,
    0.3465159833431244
  ],
  "c1ccc([C@H]2C[C@@H]3CCCN3C2)s1": [
    1,
    0.6307470798492432
  ],
  "c1c([C@@H]2C[C@H]3CCCN3C2)cccc1": [
    1,
    0.3535882830619812
  ],
  "C1C[C@@H]2C[C@@H](c3ccccc3)CN2CC1": [
    1,
    0.2952527403831482
  ],
  "[C@H]12CCCN1C[C@@H](c1sccc1)C2": [
    1,
    0.3923708498477936
  ],
  "s1ccc([C@H]2C[C@H]3CCCN3C2)c1": [
    1,
    0.2613021433353424
  ],
  "[C@H]12CCCN1C[C@H](c1cscc1)C2": [
    2,
    0.41177067160606384
  ],
  "C1[C@@H]2N(C[C@H](c3cccs3)C2)CC1": [
    1,
    0.6197869777679443
  ],
  "c1ccsc1[C@H]1C[C@H]2CCCN2C1": [
    1,
    0.3923708498477936
  ],
  "[C@@H]1(c2ccccc2)CN2CCC[C@H]2C1": [
    1,
    0.3465159833431244
  ],
  "C1N2[C@@H](C[C@H](c3ccccc3)C2)CC1": [
    1,
    0.22823551297187805
  ],
  "c1c([C@H]2CN3[C@H](CCC3)C2)scc1": [
    1,
    0.3981301486492157
  ],
  "C1N2C[C@@H](c3sccc3)C[C@@H]2CC1": [
    1,
    0.6307470798492432
  ],
  "C1CC[C@H]2N1C[C@@](c1ccccc1)(O)CC2": [
    1,
    0.189268559217453
  ],
  "s1cc([C@@H]2CN3[C@H](CCC3)C2)cc1": [
    1,
    0.2613021433353424
  ],
  "C1[C@@H](c2sc(Cl)cc2)CN2[C@@H]1CCC2": [
    1,
    0.557876706123352
  ],
  "C1[C@@H](c2sccc2)C[C@@H]2CCCN12": [
    1,
    0.6307470798492432
  ],
  "s1cccc1[C@@H]1C[C@H]2CCCN2C1": [
    1,
    0.3981301486492157
  ],
  "c1([C@H]2CN3[C@@H](C2)CCC3)ccccc1": [
    1,
    0.3535882830619812
  ],
  "C1N2C[C@@H](c3sccc3)C[C@H]2CC1": [
    1,
    0.3923708498477936
  ],
  "C1C[C@H]2C[C@@H](c3ccccc3)CN2C1": [
    2,
    0.3343886435031891
  ],
  "c1ccsc1[C@@H]1C[C@H]2N(CCC2)C1": [
    1,
    0.6197869777679443
  ],
  "c1([C@@H]2CN3[C@H](CCC3)C2)sccc1": [
    1,
    0.3923708498477936
  ],
  "C1CN2C[C@H](c3sccc3)C[C@H]2C1": [
    1,
    0.3981301486492157
  ],
  "[C@H]12N(C[C@H](c3ccccc3)C1)CCC2": [
    2,
    0.0
  ],
  "C1(c2ccccn2)CN2N(C1)CCC2": [
    1,
    0.244942769408226
  ],
  "[C@H]1(c2cc(F)cs2)C[C@H]2CCCN2C1": [
    1,
    0.4058905839920044
  ],
  "[C@@H]12N(C[C@@H](c3cscc3)C1)CCC2": [
    1,
    0.5009161233901978
  ],
  "[C@H]1(c2ccccc2)C[C@H]2N(CCC2)C1": [
    1,
    0.3465159833431244
  ],
  "c1cc([C@@H]2C[C@H]3N(CCC3)C2)ccc1": [
    1,
    0.3343886435031891
  ],
  "[C@H]12CCCN1C[C@@H](c1cccs1)C2": [
    1,
    0.3923708498477936
  ],
  "C1[C@@H](c2cscc2)CN2CCC[C@@H]12": [
    1,
    0.5866681337356567
  ],
  "c1([C@@H]2CN3CCC[C@H]3C2)ccccc1": [
    2,
    0.0
  ],
  "[C@@H]1(c2ccccc2)C[C@H]2CCCN2C1": [
    1,
    0.3535882830619812
  ],
  "c1c([C@@H]2C[C@H]3N(CCC3)C2)cccc1": [
    1,
    0.3343886435031891
  ],
  "C1N2C[C@@H](c3cscc3)C[C@@H]2CC1": [
    1,
    0.5009161233901978
  ],
  "[C@@H]12CCCN1C[C@@H](c1cccs1)C2": [
    1,
    0.6307470798492432
  ],
  "C1[C@@H](c2ccsc2)CN2CCC[C@H]12": [
    1,
    0.41177067160606384
  ],
  "[C@@H]1(c2cccs2)CN2[C@@H](CCC2)C1": [
    1,
    0.6307470798492432
  ],
  "c1scc([C@@H]2C[C@@H]3CCCN3C2)c1": [
    1,
    0.5866681337356567
  ],
  "s1c([C@H]2CN3[C@H](CCC3)C2)ccc1": [
    1,
    0.3981301486492157
  ],
  "C1C[C@H]2N(C[C@H](c3sc(Cl)cc3)C2)C1": [
    1,
    0.557876706123352
  ],
  "c1c([C@@H]2C[C@H]3N(CCC3)C2)scc1F": [
    1,
    0.47735869884490967
  ],
  "C1CN2[C@@H](C1)C[C@H](c1cscc1)C2": [
    1,
    0.5009161233901978
  ],
  "c1ccccc1[C@H]1C[C@H]2N(CCCC2)C1": [
    1,
    0.2067810744047165
  ],
  "N12CCC[C@H]1C[C@@H](c1ccccc1)C2": [
    1,
    0.3343886435031891
  ],
  "c1ccccc1[C@H]1C[C@H]2CCCCN2C1": [
    1,
    0.22452647984027863
  ],
  "c1c([C@@H]2CN3[C@@H](C2)CCC3)cccc1": [
    1,
    0.22823551297187805
  ],
  "s1cccc1[C@H]1C[C@@H]2N(CCC2)C1": [
    1,
    0.3923708498477936
  ],
  "c1c([C@H]2C[C@H]3N(C2)CCC3)cccc1": [
    1,
    0.3465159833431244
  ],